Category,Content
LexisNexis® Headnotes,Labor & Employment Law > Discrimination > Actionable Discrimination
HN1,Admiralty & Maritime Law > Arbitration > Federal Arbitration Act
HN2,Business & Corporate Compliance > ... > Arbitration > Federal Arbitration Act > Orders to Compel Arbitration
HN2,Civil Procedure > ... > Summary Judgment > Entitlement as Matter of Law > Genuine Disputes
HN3,Business & Corporate Compliance > ... > Alternative Dispute Resolution > Arbitration > Arbitrability
HN3,Business & Corporate Compliance > ... > Arbitration > Federal Arbitration Act > Orders to Compel Arbitration
HN3,Business & Corporate Compliance > ... > Arbitration > Federal Arbitration Act > Arbitration Agreements
HN4,Business & Corporate Compliance > ... > Alternative Dispute Resolution > Arbitration > Arbitrability
HN4,Business & Corporate Compliance > ... > Arbitration > Federal Arbitration Act > Arbitration Agreements
HN5,Admiralty & Maritime Law > Arbitration > Federal Arbitration Act
HN5,Labor & Employment Law > ... > Conditions & Terms > Arbitration Provisions > Enforcement
HN5,Business & Corporate Compliance > ... > Arbitration > Federal Arbitration Act > Arbitration Agreements
HN6,Admiralty & Maritime Law > Arbitration > Federal Arbitration Act
HN6,Governments > Legislation > Interpretation
HN6,Business & Corporate Compliance > ... > Alternative Dispute Resolution > Arbitration > Arbitrability
HN7,Governments > Courts > Judicial Precedent
HN8,Transportation Law > Interstate Commerce > Definition of Commerce
HN9,Transportation Law > Interstate Commerce > Arbitration
HN9,Transportation Law > Interstate Commerce > Definition of Commerce
HN10,Transportation Law > Interstate Commerce > Arbitration
HN10,Transportation Law > Intrastate Commerce
HN11,Business & Corporate Compliance > ... > Contracts Law > Contract Conditions & Provisions > Arbitration
HN12,Transportation Law > Interstate Commerce > Arbitration
HN13,Labor & Employment Law > ... > Conditions & Terms > Arbitration Provisions > Enforcement
HN14,Labor & Employment Law > ... > Conditions & Terms > Arbitration Provisions > Enforcement
HN15,Transportation Law > Interstate Commerce > Arbitration
HN16,Labor & Employment Law > ... > Conditions & Terms > Arbitration Provisions > Enforcement
HN17,Constitutional Law > ... > Commerce Clause > Interstate Commerce > Tests
HN18,Antitrust & Trade Law > Sherman Act > Claims
HN18,Transportation Law > Interstate Commerce > Arbitration
HN19,Admiralty & Maritime Law > Arbitration > Federal Arbitration Act
HN19,Transportation Law > Interstate Commerce > Definition of Commerce
HN20,Transportation Law > Intrastate Commerce
HN21,Business & Corporate Compliance > ... > Contracts Law > Contract Conditions & Provisions > Forum Selection
HN22,Constitutional Law > ... > Commerce Clause > Interstate Commerce > Tests
HN22,Transportation Law > Interstate Commerce > Definition of Commerce
HN23,Business & Corporate Compliance > ... > Arbitration > Federal Arbitration Act > Orders to Compel Arbitration
HN23,Civil Procedure > Appeals > Reviewability of Lower Court Decisions
HN24,Business & Corporate Compliance > ... > Alternative Dispute Resolution > Arbitration > Arbitrability
HN24,Civil Procedure > Judicial Officers > Judges > Discretionary Powers
HN24,Business & Corporate Compliance > ... > Arbitration > Federal Arbitration Act > Stay Pending Arbitration
LexisNexis® Headnotes,Civil Procedure > Appeals > Standards of Review > De Novo Review
LexisNexis® Headnotes,"Civil Procedure > ... > Defenses, Demurrers & Objections > Motions to Dismiss > Failure to State Claim"
HN1,Antitrust & Trade Law > Sherman Act > Scope > Monopolization Offenses
HN2,Antitrust & Trade Law > Sherman Act > Scope > Exemptions
HN3,Antitrust & Trade Law > Sherman Act > Claims
HN3,Antitrust & Trade Law > Sherman Act > Scope > Exemptions
