Category,Content
LexisNexis® Headnotes,Antitrust & Trade Law > Regulated Practices > Price
LexisNexis® Headnotes,Fixing & Restraints of Trade > General Overview
LexisNexis® Headnotes,Antitrust & Trade Law > Sherman
LexisNexis® Headnotes,Act > Scope > General Overview
HN1,Antitrust & Trade Law > Regulated Practices > Price
HN1,Fixing & Restraints of Trade > General Overview
HN1,Antitrust & Trade Law > Sherman
HN1,Act > Scope > General Overview
HN2,Antitrust & Trade Law > Regulated Practices > Price
HN2,Fixing & Restraints of Trade > General Overview
HN2,Antitrust & Trade Law > Regulated
HN2,Practices > Monopolies & Monopolization > General
HN2,Antitrust & Trade Law > Sherman
HN2,Act > Scope > General Overview
HN2,Antitrust & Trade Law > Sherman
HN2,Act > Scope > Monopolization Offenses
HN3,Antitrust & Trade Law > Regulated Practices > Price
HN3,Fixing & Restraints of Trade > General Overview
HN3,Antitrust & Trade Law > Regulated
HN3,Practices > Monopolies & Monopolization > General
HN3,Antitrust & Trade Law > Sherman
HN3,Act > Scope > General Overview
HN3,Antitrust & Trade Law > Sherman
HN3,Act > Scope > Monopolization Offenses
HN4,Antitrust & Trade Law > Regulated Practices > Price
HN4,Fixing & Restraints of Trade > General Overview
HN4,Antitrust & Trade Law > Sherman
HN4,Act > Scope > General Overview
HN5,Antitrust & Trade Law > Regulated Practices > Price
HN5,Fixing & Restraints of Trade > General Overview
HN5,Antitrust & Trade Law > Sherman
HN5,Act > Scope > General Overview
HN6,Antitrust & Trade Law > Regulated Practices > Price
HN6,Fixing & Restraints of Trade > General Overview
HN6,Law > Corporations > General Overview
HN6,Antitrust & Trade Law > Sherman
HN6,Act > Scope > General Overview
HN7,Antitrust & Trade Law > Regulated Practices > Price
HN7,Fixing & Restraints of Trade > General Overview
HN7,Antitrust & Trade Law > Sherman
HN7,Act > Scope > General Overview
HN8,Antitrust & Trade Law > Regulated Practices > Price
HN8,Fixing & Restraints of Trade > General Overview
HN8,Law > Corporations > General Overview
HN8,Antitrust & Trade Law > Sherman
HN8,Act > Scope > General Overview
HN8,Business & Corporate Law > ... > Corporate
HN8,Governance > Directors & Officers > General
HN9,Antitrust & Trade Law > Regulated Practices > Price
HN9,Fixing & Restraints of Trade > General Overview
HN9,Mergers & Acquisitions Law > Antitrust > Antitrust
HN9,Statutes > General Overview
HN9,Antitrust & Trade Law > Sherman
HN9,Act > Scope > General Overview
HN10,Antitrust & Trade Law > Regulated Practices > Price
HN10,Fixing & Restraints of Trade > General Overview
HN10,Antitrust & Trade Law > Sherman
HN10,Act > Scope > General Overview
HN11,Antitrust & Trade Law > Regulated Practices > Price
HN11,Fixing & Restraints of Trade > General Overview
HN11,Antitrust & Trade Law > Sherman
HN11,Act > Scope > General Overview
HN12,Antitrust & Trade Law > Regulated Practices > Price
HN12,Fixing & Restraints of Trade > General Overview
HN12,Mergers & Acquisitions Law > Antitrust > Antitrust
HN12,Statutes > General Overview
HN12,Antitrust & Trade Law > Sherman
HN12,Act > Scope > General Overview
HN13,Antitrust & Trade Law > Regulated Practices > Price
HN13,Fixing & Restraints of Trade > General Overview
HN13,Antitrust & Trade Law > Sherman
HN13,Act > Scope > General Overview
HN14,Mergers & Acquisitions Law > Antitrust > Antitrust
HN14,Statutes > General Overview
HN15,Antitrust & Trade Law > ... > Price Fixing &
HN15,Restraints of Trade > Per Se Rule & Rule of
HN15,Reason > General Overview
HN15,Mergers & Acquisitions Law > Antitrust > Antitrust
HN15,Statutes > General Overview
HN16,Antitrust & Trade Law > ... > Price Fixing &
HN16,Restraints of Trade > Per Se Rule & Rule of
HN16,Reason > General Overview
Headnotes,TRADE PRACTICES §9 > SHERMAN ACT -- PROHIBITIONS
Headnotes,> Headnote:
LEdHN[1],TRADE PRACTICES §9 > SHERMAN ACT -- MEANING OF
LEdHN[1],PROHIBITIONS   > Headnote:
LEdHN[2],TRADE PRACTICES §9 > SHERMAN ACT PROHIBITIONS --
LEdHN[2],DIFFERENT SECTIONS   > Headnote:
LEdHN[3],TRADE PRACTICES §9 > CONCERTED BEHAVIOR --
LEdHN[3],SHERMAN ACT TREATMENT   > Headnote:
LEdHN[4],TRADE PRACTICES §14 > CONCERTED ACTION --
LEdHN[4],FUNCTIONAL CONSIDERATION   > Headnote:
LEdHN[5],TRADE PRACTICES §14 > CONCERTED ACTION --
LEdHN[5],FUNCTIONAL ANALYSIS   > Headnote:
LEdHN[6],TRADE PRACTICES §33.6 > PARENT AND SUBSIDIARY --
LEdHN[6],AGREEMENT AS NOT COVERED   > Headnote:
LEdHN[7],TRADE PRACTICES §14 > CONCERTED ACTIVITY --
LEdHN[7],> Headnote:
LEdHN[8],TRADE PRACTICES §33.6 > ACTIONS NOT COVERED --
LEdHN[8],PARENT AND SUBSIDIARY   > Headnote:
LEdHN[9],TRADE PRACTICES §33.6 > COVERAGE -- JOINDER OF
LEdHN[9],INDEPENDENT CENTERS   > Headnote:
LEdHN[10],TRADE PRACTICES §14 > SCRUTINY -- LABEL
LEdHN[10],> Headnote:
LEdHN[11],TRADE PRACTICES §14 > HISTORY OF CONCERTED
LEdHN[11],ACTIVITY   > Headnote:
LEdHN[12],§33.6 > JUSTIFICATION FOR COOPERATION -- JOINT
LEdHN[12],VENTURES   > Headnote:
LEdHN[13],EVIDENCE §343.5 > AGREEMENTS WITHIN SINGLE FIRM -
LEdHN[13],- TRADE RESTRAINT -- PRESUMPTION   > Headnote:
LEdHN[14],TRADE PRACTICES §33.6 > LIABILITY -- INTERMEDIARY --
LEdHN[14],JOINT VENTURE   > Headnote:
LEdHN[15],§33.6 > RULE OF REASON -- WHEN APPLICABLE -- JOINT
LEdHN[15],VENTURES   > Headnote:
LEdHN[16],§15 > LEGALITY -- TEST -- FACTORS -- INTENT
LEdHN[16],> Headnote:
