頁碼,內容類型,內容
26,Judges,"Judges:  [**1]  McLaren, D.J."
26,Opinion by,Opinion by: McLAREN
41,Counsel,"Counsel: Joseph F. Canterbury, Jr., argued the cause and filed briefs for petitioner. 
David R. Richards argued the cause and filed a brief for respondent. * 
* Briefs of amici curiae urging reversal were filed by Gerard C. Smetana, Lawrence D. Ehrlich, Jerry Kronenberg, and Milton 
Smith for the Chamber of Commerce of the United States; by Vincent J. Apruzzese, Francis A. Mastro, and William L. Keller for 
421 U.S. 616, *616; 95 S. Ct. 1830, **1830; 44 L. Ed. 2d 418, ***418; 1975 U.S. LEXIS 17, ****2

 
 [****6]"
41,Judges,"Judges: Burger, Douglas, Brennan, Stewart, White, Marshall, Blackmun, Powell, Rehnquist"
41,Opinion by,Opinion by: POWELL
68,Counsel,"Counsel: Deputy Solicitor General Friedman  argued the cause for the United States. On the briefs were Solicitor 
General Bork, Assistant Attorney General Kauper, Gerald P. Norton, Howard E. Shapiro,  and George Edelstein. 
Daniel B. Hodgson  argued the cause for appellees. With him on the briefs were Michael A. Doyle, Walter M. Grant, 
Richard A. Posner,  and Philip L. Roache, Jr. * 
 [****7]"
68,Judges,"Judges: Burger, Douglas, Brennan, Stewart, White, Marshall, Blackmun, Powell, Rehnquist"
68,Opinion by,Opinion by: STEWART
99,Counsel,"Counsel: Stuart H. Savett, Esq., Donald L. Weinberg, Esq., Harold E. Kohn, P.A., Philadelphia, Pennsylvania, For 
Plaintiff.
 J. Roger Wollenberg, Benjamin M. Quigg, Esq, and Stephen W. Armstrong, Esq., Morgan, Lewis & Bockius (for 
CBS), Philadelphia.
Max L. Lieberman, Esq. of Pelono, Wasserstrom, Chucas & Monteverde (FOR WHP, INC), Philadelphia, For 
Defendant."
99,Judges,"Judges: Gorbey, J."
99,Opinion by,Opinion by: GORBEY
107,Counsel,"Counsel:  [**1]  William F. Nelson, Stafford, Rosenbaum, Rieser & Hansen, Madison, Wisconsin, and Richard J. 
Rappaport and Robert W. Sacoff, Ross, Hardies, O'Keefe, Babcock & Parsons, Chicago, Illinois, Attorneys for 
Plaintiff.
Eugene O. Gehl, Madison, Wisconsin, Attorney for Defendant."
107,Judges,"Judges:  Reynolds, U.S. District Judge."
107,Opinion by,Opinion by: REYNOLDS
114,Counsel,"Counsel: For Appellants: King, Joseph, Baucum & Karam; San Antonio, TX.
For Appellees: John D. Fisch; San Antonio, TX.
 William Armstrong; San Antonio, TX."
114,Judges,"Judges:  Carlos C. Cadena, Associate Justice."
115,Opinion by,Opinion by: CADENA
121,Counsel,"Counsel: Bleakley, Platt, Schmidt & Fritz (Frederick J. Martin and Michael J. Trainor of counsel), for petitioner.
Anderman, Povman & Warren (Morton Povman of counsel), for respondent.
48 A.D.2d 428, *428; 370 N.Y.S.2d 943, **943; 1975 N.Y. App. Div. LEXIS 9912, ***1

 
Louis J. Lefkowitz, Attorney-General (Terrence M. Kelly, Samuel A. Hirshowitz and Charles A. La Torella, Jr., of 
counsel), amicus curiae."
121,Judges,"Judges: Hopkins, J.  Rabin, Acting P. J., Martuscello and Cohalan, JJ., concur with Hopkins, J.; Munder, J., 
dissents and votes to affirm the order of the Appellate Term, with an opinion."
121,Opinion by,Opinion by: HOPKINS
132,Judges,"Judges: Thornberry, Coleman and Rosenn, * Circuit Judges."
132,Opinion by,Opinion by: THORNBERRY
148,Judges,"Judges:  [**1]  Battisti, Chief Judge."
148,Opinion by,Opinion by: BATTISTI
154,Judges,"Judges: Coleman, Morgan and Clark, Circuit Judges."
155,Opinion by,Opinion by: MORGAN
159,Counsel,"Counsel:  [**1]  Robert F. Wood, Robert O'Connell, Attorneys at Law, Rochester, New York, of"
159,Counsel,"Counsel: Jerome H. 
Block, Attorney at Law, Appleton, Wisconsin, For Plaintiff.
Whyte, Hirschboeck, Minahan, Harding & Harland, Robert V. Abendroth, Don S. Peterson, Milwaukee, Wisconsin, 
(Thorp Sales).
Michael, Best & Friedrich, John K. MacIver, Rickard T. O'Neil, David J. Cannon, Milwaukee, Wisconsin, (Stumpf 
Properties, Les Stumpf Ford & Les Stumpf).
Foley & Lardner, Steven E. Keane, Maurice J. McSweeney, Geoffrey R. Greiveldinger, Milwaukee, Wisconsin, 
(Ford Motor Co. & Ford Marketing).
Quarles & Brady, Thomas Kloehn, Milwaukee, Wisconsin, (Appleton & Sherwood Banks), For Defendants."
160,Judges,"Judges:  Gordon, District Judge."
160,Opinion by,Opinion by: GORDON
169,Judges,"Judges: Phillips, Chief Judge, and Celebrezze and Miller, Circuit Judges."
169,Opinion by,Opinion by: MILLER
181,Counsel,"Counsel: Arthur P. Meisler, for the appellant (plaintiff).
Milton L. Jacobson, with whom were Jackson T. King, Jr., James B. Curtin, and Judith A. Maynes, for the appellee 
(defendant).
Robert M. Langer, assistant attorney general, with whom, on the brief, was Carl R. Ajello, attorney general, as 
amicus curiae."
181,Judges,"Judges: House, C. J., Cotter, MacDonald, Longo and Speziale, Js.  MacDonald, Longo, and Speziale, Js., 
concurred.  House, C. J. dissenting."
181,Opinion by,Opinion by: COTTER
196,Judges,"Judges: Ainsworth, Godbold and Simpson, Circuit Judges.  Godbold, Circuit Judge (dissenting).  
518 F.2d 217, *217; 1975 U.S. App. LEXIS 12964, **1"
196,Opinion by,Opinion by: PER CURIAM
216,Counsel,"Counsel: Parrillo, Bresler, Weiss & Moss, of Chicago (Robert Parrillo, of counsel), for appellant.
Joseph V. Giffin and Champ W. Davis, Jr., both of Chadwell, Kayser, Ruggles, McGee & Hastings, of Chicago, for 
appellees."
216,Judges,"Judges: Mr. JUSTICE SIMON delivered the opinion of the court.  BURKE, P. J., and GOLDBERG, J., concur."
216,Opinion by,Opinion by: SIMON
222,Judges,"Judges:  [**1]  Conner, District Judge."
222,Opinion by,Opinion by: CONNER
227,Counsel,"Counsel:  [**1]  Charles H. Kirbo, Esq., Lanny B. Bridgers, Esq., (KING & SPALDING), Atlanta, Georgia, Bob 
Burleson, Esq., (BOWMER, COURTNEY, BURLESON & PERMBERTON), Temple, Texas for Plaintiff. 
Terrence Lee Croft, Esq., (HUIE, BROWN & IDE), Atlanta, Georgia. 
Alan E. Popkin, Esq., (ROSECAN, POPKIN & CHERVITZ), St. Louis, Missouri, for Defendant."
227,Judges,"Judges: Moye, D.J."
227,Opinion by,Opinion by: MOYE
239,Counsel,"Counsel: Benjamin J. Goodman and Sanford M. Ehrmann for Plaintiff and Appellant.
Iverson, Yoakum, Papiano & Hatch, Neil Papiano and Donald M. Robbins for Defendant and Respondent."
239,Judges,Judges:
239,Opinion by,Opinion by: FLEMING
246,Opinion by,Opinion by:  [*1]  RUBIN
262,Counsel,"Counsel: William Marshal Lee, Chicago, Illinois, and C. Jackson Cromer, Cincinnati, Ohio, representing Cincinnati 
Milacron.
Edward A. Haight, Chicago, Illinois, Thomas W. Ehrmann, Milwaukee, Wisconsin, and Thomas S. Calder, 
Cincinnati, Ohio, for Kearney & Trecker Corp., For Plaintiff."
262,Judges,"Judges:  Porter, J."
262,Opinion by,Opinion by: PORTER
312,Judges,Judges:  [**1]   Honorable Fred W. Kaess Chief United States District Judge.
312,Opinion by,Opinion by: KAESS
319,Counsel,"Counsel:  [**1]  Jerry S. Cohen, Esq., Washington, District of Columbia, Herbert E. Milstein, Esq., Washington, 
District of Columbia, Michael D. Hausfeld, Esq., Washington, District of Columbia, William Sammons, Esq., 
Baltimore, Maryland, Morris Rosenberg, Esq., Baltimore, Maryland, For Plaintiffs.
Benjamin R. Civiletti, Esq., Baltimore, Maryland, John Henry Lewin, Sr., Esq., Baltimore, Maryland, John Henry 
Lewin, Jr., Esq., Baltimore, Maryland, For Defendants."
320,Judges,"Judges:  Young, District Judge."
320,Opinion by,Opinion by: YOUNG
332,Judges,"Judges: Phillips, Chief Judge, Weick and Edwards, Circuit Judges."
332,Opinion by,Opinion by: WEICK
341,Counsel,"Counsel: Lyle E. Strom (C. L. Robinson, Fitzgerald, Brown, Leahy, Strom, Schoor & Barmettler, and Gorsuch, 
Kirgis, Campbell, Walker & Grover, on the brief), for Plaintiff-Appellant. 
William C. McClearn (David G. Palmer, on the brief), for Defendant-Appellee."
341,Judges,"Judges: Lewis, Chief Judge, and Seth and McWilliams, Circuit Judges."
341,Opinion by,Opinion by: McWILLIAMS
352,Judges,"Judges:  [**1]  Broderick, D.J."
352,Opinion by,Opinion by: BRODERICK
363,Counsel,"Counsel: William Simon, Washington, District of Columbia (Michael W. Graney and Richard G.  White, 
Washington, District of Columbia, Marvin J. Bertoch and Merlin O. Baker, Salt Lake City, Utah, and Howrey, Simon, 
Baker & Murchison, and Ray, Quinney & Nebeker, of counsel, with him on the brief), for Appellant.
Daniel L. Berman, Salt Lake City, Utah (Douglas J. Parry and Berman & Giauque, Salt Lake City, Utah, with him on 
the brief), for Appellee."
363,Judges,"Judges: Hill, Seth and McWilliams, Circuit Judges."
363,Opinion by,Opinion by: SETH
370,Counsel,"Counsel:  [**1]  Eddie A. Turner and Jerome Daly, pro se.
Frank D. McCown, U.S. Atty., Kenneth J. Mighell, Robert B. Wilson, Asst. U.S. Attys., and Richard A. Scully, Trial 
Atty., Tax Div., Dept. of Justice, for federal judicial defendants and other federal defendants in No. 5-74-42.
John L. Hill, pro se, and David M. Kendall, First Asst. Atty. Gen. of Texas, and John W. Odam, Executive Asst. Atty. 
Gen., for defendant Justices of the Supreme Court of Texas and Dolph Briscoe, Governor of the State of Texas in 
No. 5-74-42.
Davis Grant, Gen. Counsel, Steven D. Peterson and Gary McNeil, Asst. Gen. Counsels, Austin, Texas, for 
defendants The American Bar Ass'n, Chesterfield Smith, and The State Bar of Texas in No. 5-74-42.
Raymond M. Hartman, pro se.
Richard L. Thornburg, U. S. Atty., Thomas A. Daley, Asst. U. S. Atty.,  [**2]  pro se, and Richard A. Scully, Trial 
Atty., Tax Div., U. S. Dept. of Justice, for federal judicial defendants and other federal defendants in No. 74-480.
Meyer, Unkovic & Scott, Alexander Unkovic and Frederick J. Francis, Pittsburgh, Pennsylvania, for defendants The 
American Bar Ass'n and Chesterfield Smith in No. 74-480.
Washington & Washington, George Washington and George Washington, Jr., pro se.
Loran L. Taylor, pro se.
John R. Wilks, U. S. Atty., Richard F. Mitchell, Atty., Tax Div., U. S. Dept. of Justice, and Richard L. Kieser, Asst. U. 
S. Atty., for federal judicial defendants and other federal defendants in No. S74-84.
F. Ryan Duffy, pro se.
William E. Steckler, pro se.
407 F. Supp. 451, *451; 1975 U.S. Dist. LEXIS 15458, **15458

 
Cale J. Holder, pro se.
Dillon, Kelley, McCarty, Hardamon & Cohen, John J. Dillon, Bose, McKinney & Evans, William M. Evans, and 
William F. Harvey, Indianapolis, Indiana, for defendants Justices of the Supreme Court of Indiana in No. S74-84.
Milton A. Johnson, South Bend, Indiana, for defendant John Montgomery, State of Indiana Circuit Court Judge in 
No. S74-84.
Thornburg, McGill, Deahl, Harman, Carey & Murray, James F. Thornburg and William J. Reinke, South Bend, 
Indiana, for defendants The American [**3]  Bar Ass'n and Chesterfield Smith in No. S74-84.
Paul E. Beam, Gen. Counsel, Indianapolis, Indiana, for defendant The Indiana State Bar Ass'n in No. S74-84.
Milton A. Johnson, South Bend, Indiana, for defendants John W. Montgomery and Joseph Nyikos, State of Indiana 
Circuit Court Judges in No. S74-29.
Richard J. McDonald, South Bend, Indiana, for defendant Dean Bolerjack, Sheriff of St. Joseph County in No. S74-
29.
James D. Nafe, pro se, and for the Nat. Bank and Trust Co. in No. S74-29.
Larry S. Pendell and Barbara A. Pendell, pro se.
John R. Wilks, U. S. Atty., and John S. Leonardo and Richard L. Kieser, Asst. U. S. Attys., for defendant United 
States District Judge Robert A. Grant in No. S75-74.
Simpson & McLaughlin, W. L. McLaughlin, Goshen, Indiana, for defendants Indiana State Judges Aldo J. Simpson, 
James Simpson and Frank Algate in No. S75-74.
Byron & Daniels, Philip E. Byron, Jr., and Robert T. Sanders, III, Elkhart, Indiana, for defendants Indiana State 
Judges Charles E. Hughes and Stanley A. Raymer in No. S75-74.
Worth N. Yoder and Alphonse J. Spahn, Elkhart, Indiana, for defendant Indiana State Judge Lee Mellinger in No. 
S75-74.
Thornburg, McGill, Deahl, Harman,  [**4]  Carey & Murray, James F. Thornburg, William J. Reinke and Gregory J. 
Utken, South Bend, Indiana, for defendants The American Bar Ass'n and The Indiana State Bar Ass'n.
Daniel M. Pilla, pro se.
Robert G. Renner, U. S. Atty., Stephen G. Palmer, Asst. U. S. Atty., and Richard A. Scully, Trial Atty., Tax Div., U. 
S. Dept. of Justice, for federal judicial defendants and other federal defendants in No. 4-74-190.
Warren Spannaus, Atty. Gen., State of Minnesota, Peter W. Sipkins, Sol. Gen. and Michael P. Berman, Sp. Asst. 
Atty. Gen., for Minnesota judicial defendants and other Minnesota state defendants in No. 4-74-190.
Henson & Tully, Robert F. Henson and William J. Miller, Minneapolis, Minnesota, for defendants The American Bar 
Ass'n and Chesterfield Smith in No. 4-74-190.
Meagher, Geer, Markham, Anderson, Adamson, Flaskamp & Brennan, Minneapolis, Minnesota, for defendants 
George Ramier, Herbert C. Davis and Hyman Edelman in No. 4-74-190.
Patrick J. Foley, pro se.
Noah Jefferson Carden, pro se.
Edward H. Levi, Atty. Gen., Carla A. Hills, Asst. Atty. Gen., Charles S. White-Spunner, Jr., U. S. Atty., Harland F. 
Leathers, Alexis Panagakos, Asst. U. S. Attys., John W. Stokes, Jr., U.  [**5]  S. Atty., and Julian M. Longley, Jr., 
Asst. U. S. Atty., for federal judicial defendants and other federal defendants in No. 74-426-P.
William J. Baxley, Atty. Gen., and Frederick S. Middleton, III, Asst. Atty. Gen., for defendants Justices of the 
Alabama Supreme Court in No. 74-426-P.
Warren Spannaus, Atty. Gen., State of Minnesota, and Peter W. Sipkins, Sol. Gen., for defendants present and 
former Justices of the Supreme Court of Minnesota in No. 74-426-P.
407 F. Supp. 451, *451; 1975 U.S. Dist. LEXIS 15458, **2

 
William H. Morrow, Jr., Gen. Counsel, Montgomery, Alabama, for defendant Alabama State Bar Ass'n, The 
American Bar Ass'n, and Chesterfield Smith in No. 74-426-P.
M. Roland Nachman, Jr., pro se.
William L. Howell and M. Lloyd Roebuck, Mobile, Alabama, for defendant M. Lloyd Roebuck in No. 74-426-P.
Thomas F. Stockheimer, pro se.
David C. Mebane, U. S. Atty., Warren W. Wood, Asst. U. S. Atty., and Richard A. Scully, Tax Div., Dept. of Justice, 
for federal defendants in No. 75-C-182.
Bronson C. La Follette, Atty. Gen., and James H. Petersen, Asst. Atty. Gen., for State of Wisconsin defendants and 
other Wisconsin state defendants in No. 75-C-182.
DeWitt, McAndrews & Porter, South Carolina, Jack R. DeWitt and Stuart C. Herro,  [**6]  Madison, Wisconsin, for 
defendant The American Bar Ass'n in No. 75-C-182."
372,Judges,"Judges: Garza, District Judge."
372,Opinion by,Opinion by: GARZA
397,Judges,"Judges: Rives, Godbold and Gee, Circuit Judges.  Gee, Circuit Judge, specially concurring."
397,Opinion by,Opinion by: GODBOLD
408,Counsel,"Counsel:  [**1]  Chadbourne, Park, Whiteside & Wolff, Esqs., By: Edward McLean, Jr., Esq. Terry Thompson, Esq. 
Of Counsel and, Skadden, Arps, Slate, Meagher & Flom, Esqs., By: William Frank, Esq. Christopher Gallagher, 
Esq. Of Counsel For Plaintiff.
Lord Day & Lord, Esqs., By: John W. Castles, Esq. John J. Loflin, Esq. Paul R. Hundt, Esq. Of Counsel For 
Defendant."
408,Judges,"Judges: Kevin Thomas Duffy, D.J.  
411 F. Supp. 1210, *1210; 1975 U.S. Dist. LEXIS 15254, **15254"
409,Opinion by,Opinion by: DUFFY
418,Counsel,"Counsel:  [**1]  Curtis, Morris & Safford, P. C., by John A. Mitchell, Pasquale A. Razzano, New York, New York, for 
plaintiff.
Hansel L. McGee, Murray Nanes, Yorktown Heights, New York, for IBM Corp.
Pollock, Philpitt & VandeSande by Elliott I. Pollack, Washington, District of Columbia, for defendants IBM Corp. and 
Herman Koretzky."
419,Judges,"Judges: Robert L. Carter, District Judge."
419,Opinion by,Opinion by: CARTER
425,Counsel,"Counsel:  [**1]  Attorneys for Plaintiffs.
James S. Campbell, Robert A. Rowan, William M. Swope, Cades, Schutte, Fleming & Wright Of Counsel, Honolulu, 
Hawaii.
R. M. Torkildson, Jared H. Jossem, Torkildson, Katz & Conahan, Of Counsel, Honolulu, Hawaii.
Attorneys for Defendants Pacific Electrical Contractors Association and Walter T. Oda.
Howard K. Hoddick, David A. Ezra, John A. Hoskins, Anthony, Hoddick, Reinwald & O'Connor, Of Counsel, 
Honolulu, Hawaii.
Attorneys for Defendants The Insurance Company of North America and Pacific Employers Insurance Company.
Richard E. Stifel, David F. Day, Goodsill, Anderson & Quinn, Of Counsel, Honolulu, Hawaii.
Attorney for Defendants International Brotherhood Of Electrical Workers, Local No. 1186 and Antone Fujikawa.
Benjamin C. Sigal, Shim, Sigal, Tam & Naito, Of Counsel, Honolulu, Hawaii."
426,Judges,"Judges: Wong, District Judge."
426,Opinion by,Opinion by: WONG
443,Counsel,"Counsel: Otis Pratt Pearsall, Esq., New York, New York (Hughes Hubbard & Reed; James F. Parver; John A. 
Donovan; New York, New York, on the brief), for Appellees.
Herman F. Selvin, Esq., Beverly Hills, California (Sheldon W. Presser and Kaplan, Livingston, Goodwin, Berkowitz 
& Selvin; Beverly Hills, California; Shea Gould Climenko & Kramer, New York, New York; on the brief), for 
Appellant."
444,Judges,"Judges: Lumbard, Anderson, and Van Graafeiland, Circuit Judges."
444,Opinion by,Opinion by: LUMBARD
452,Counsel,"Counsel:  [**1]  Robert M. Silverman, Antitrust Div., U.S. Dept. of Justice, Washington, D.C., for U.S. Timothy R. 
Askew, Jr., Arnall, Golden & Gregory, Atlanta, Ga., for Southern Motor Carriers Rate Conference, Inc."
452,Opinion by,Opinion by: FREEMAN
463,Counsel,"Counsel:  [**1]  Jerry S. Cohen, For Plaintiff.
Patrick F. J. Macrory, James F. Fitzpatrick, Melvin C. Grabow, Mark J. Spooner,.
Earl E. Pollack, Alan H. Silberman, Chicago, Illinois, John F. Bruce,.
Larry L. Williams,.
Thomas E. Patton,.
John P. Arness,.
Richard A. Whiting,.
Denver H. Graham, Leo A. Roth, Sr., For Defendant."
463,Judges,"Judges: Pratt, United States District Judge."
463,Opinion by,Opinion by: PRATT
472,Judges,"Judges:  [**1]  Griesa, D.J."
472,Opinion by,Opinion by: GRIESA
499,Counsel,"Counsel: Hafif & Shernoff and Alton H. Saxer for Plaintiff and Appellant.
McKenna & Fitting, Aaron M. Peck, Michael D. Berk and Michael R. Grzanka for Defendants and Respondents."
499,Judges,"Judges: Before Tamura, Acting P. J., Kaufman, J. and McDaniel, J."
499,Opinion by,Opinion by: THE COURT
513,Counsel,"Counsel: Clayton A. Sweeney, Gregory A. Pearson, Buchanan, Ingersoll, Rodewald, Kyle & Buerger, Pittsburgh, 
Pennsylvania, for Appellees. 
Paul H. Titus, Bernard D. Marcus, Jon Hogue, Kaufman & Harris, Pittsburgh, Pennsylvania, for Appellants."
513,Judges,"Judges: Van Dusen, Adams and Hunter, Circuit Judges."
513,Opinion by,Opinion by: ADAMS
533,Counsel,"Counsel: John Henry Lewin, Jr., with whom were Benjamin R. Civiletti and Venable, Baetjer & Howard on the brief, 
for appellant.
Thomas M. Wilson, III, Assistant Attorney General, with whom were Francis B. Burch, Attorney General, and Henry 
R. Lord, Deputy Attorney General, on the brief, for appellee."
533,Judges,"Judges: Morton, Davidson and Lowe, JJ.  Davidson, J., delivered the opinion of the Court."
533,Opinion by,Opinion by: DAVIDSON
541,Judges,"Judges:  [**1]  Larson, District Judge"
541,Opinion by,Opinion by: LARSON
552,Counsel,"Counsel: For Appellant: Robert B. Snell - Lamesa, Texas.
Donald Scott Thomas, Jr. - Austin, Texas.
Barry Bishop - Austin, Texas.
For Appellees: Harrell Feldt - Midland, Texas.
533 S.W.2d 832, *832; 1975 Tex. App. LEXIS 3387, **1

 
David K. Brooks - Midland, Texas."
553,Judges,"Judges:  William E. Ward, Associate Justice."
553,Opinion by,Opinion by: WARD
560,Counsel,"Counsel: Louis J. Lefkowitz, Attorney-General (Charles A. La Torella, Jr., Samuel A. Hirshowitz and August L. 
Fietkau of counsel), for appellant.  Mobil's policy of price discrimination, which is in restraint of trade and 
competition as alleged in the complaint, violates the Donnelly Antitrust Act.  The causes of action concerning 
unilateral price discrimination should not have been dismissed.  ( Matter of Davies, 168 NY 89; Columbia Gas of N. 
Y. v New York State Elec. & Gas Corp., 28 NY2d 117; People v American Ice Co., 140 App Div 912; Park & Sons 
Co.  v National Wholesale Druggists' Assn., 175 NY 1; Locker v American Tobacco Co., 121 App Div 443, 195 NY 
565; Calvert Distillers Corp. v Nussbaum Liq. Store, 166 Misc 342; Dunkel v McDonald, 270 App Div 757; Peelers 
Co. v Wendt, 260 F Supp 193; American Tobacco Co. v United States, 328 U.S. 781.)
Sanford M. Litvack and William C. Pelster for respondent.  The first and second causes of action were [****4]  
properly dismissed as failing to state a cause of action because section 340 of the Donnelly Act does not prohibit 
38 N.Y.2d 460, *460; 344 N.E.2d 357, **357; 381 N.Y.S.2d 426, ***426; 1976 N.Y. LEXIS 2251, ****1

 
unilateral price discrimination.  ( Matter of Aimcee Wholesale Corp. [Tomar Prods.], 21 NY2d 621; Meenan Oil Co. v 
Long Is. Light.  Co., 39 AD2d 233; Matter of Kates v Lefkowitz, 28 Misc 2d 210; United States v Freight Assn., 166 
U.S. 290; Fulton Light, Heat & Power Co. v State of New York, 200 NY 400; Standard Co. v Magrane-Houston Co., 
258 U.S. 346; Willard Dairy Corp. v National Dairy Prods. Corp., 309 F2d 943, 373 U.S. 934; Columbia 
Broadcasting System v Amana Refrig., 295 F2d 375, 369 U.S. 812; Shaw's Inc. v Wilson-Jones Co., 105 F2d 331; 
Alexander's Dept. Stores v Ohrbach's Inc., 180 Misc 18, 266 App Div 535, 291 NY 707.)"
561,Judges,"Judges: Chief Judge Breitel and Judges Jasen, Wachtler and Cooke concur with Judge Jones; Judge Gabrielli 
dissents and votes to reverse in a separate opinion in which Judge Fuchsberg concurs."
561,Opinion by,Opinion by: JONES
571,Counsel,"Counsel:  [**1]  Jeffrey D. Millaway, Esq. (Aamco), Bridgeport, Pennsylvania, For Plaintiff.
Oliver C. Biddle, Esq. (Tayloe & Paro), Ballard, Spahr, Andrews & Ingersoll, Philadelphia, Pennsylvania, For 
Defendant."
571,Judges,"Judges: VanArtsdalen, District Judge"
571,Opinion by,Opinion by: VanARTSDALEN
579,Opinion by,Opinion by:  [*1]  STEWART
592,Counsel,"Counsel:  [**1]  Maxwell Keith, Philip Keith, San Francisco, California.
Friedenberg & Hedger, Daly City, California, For Plaintiff.
Douglas C. Gregg, Los Angeles, California.
 Brobeck, Phleger & Harrison, San Francisco, California, For Defendant."
592,Judges,"Judges:  William H. Orrick, Jr. United States District Judge."
592,Opinion by,Opinion by: ORRICK
598,Opinion by,Opinion by:  [*1]  HOFFMAN
617,Counsel,"Counsel:  [**1]  Arthur M. Wisehart, New York, New York.
John M. Cleary, Donelan, Cleary & Caldwell, Washington, District of Columbia.
Attorneys for Plaintiff, REA Express, Inc.
Sullivan & Cromwell, William Piel, Jr., Michael M. Maney, Mark I. Fishman, New York, New York.
Seymour & Patton, Thomas E. Patton, Washington, District of Columbia.
Attorneys for Defendant, The Travelers Insurance, Company.
Edwin M. Zimmerman, Covington & Burling, Washington, District of Columbia.
Attorney for Railroad Defendants.
Francis M. Shea, Shea & Gardner, Washington, District of Columbia.
Attorney for Defendants National, Railway Labor Conference and Eastern Carriers Conference Committee."
617,Judges,"Judges:  Jones, United States District Judge."
617,Opinion by,Opinion by: JONES
624,Counsel,"Counsel:  [**1]  Charles A. Seigel, St. Louis, Missouri, For Plaintiff.
Kenneth F. Teasdale & Edwin L. Noel, St. Louis, Missouri, For Defendant."
624,Judges,"Judges:  James H. Meredith, United States District Judge."
624,Opinion by,Opinion by: MEREDITH
629,Opinion by,Opinion by: OWEN
632,Opinion by,Opinion by:  [*1]  LEWIS
639,Counsel,"Counsel: Julius H. Berg, St. Louis, Missouri, for Plaintiff.
 Dominic Troiani and Steven N. Frank, St. Louis, Missouri, for Defendant."
639,Judges,"Judges:  James H. Meredith, United States District Judge"
639,Opinion by,Opinion by: MEREDITH
646,Counsel,"Counsel:  [**1]  George H. Butler, Phineas Stevens, Lawrence J. Franck, Jackson, Mississippi, O. Winston 
Cameron, Meridian, Mississippi, J. G. Kilpatric, New York, New York, Guerry R. Thornton, Atlanta, Georgia, John P. 
Fons, New York, New York, for American Tel. & Tel. Co., a New York corporation, plaintiff and counterdefendant.
R. E. Wilbourn, T. K. Holyfield, Meridian, Mississippi, Rufus Creekmore, Jackson, Mississippi, John C. Dawson, 
Robbin R. Dawson, Houston, Texas, Thomas M. P. Christensen, Fairfax, Virginia, for Delta Communications Corp., 
a Mississippi corporation, defendant and counterclaimant.
Alex A. Alston, Jr., Jackson, Mississippi, James H. Kelley, James R. Loftis, III, Washington, District of Columbia, for 
American Broadcasting Companies, Inc.
Sherwood W. Wise, Thomas G. Lilly, Jackson, Mississippi, Timothy B. Dyk, James Robertson, Ronald J. Greene, 
Washington, District of Columbia, for CBS, Inc.
E. L. Brunini, William Timothy Jones, Jackson, Mississippi, David S. Hope, Philadelphia, Pennsylvania, for National 
Broadcasting Co., Inc.
Walter W. Eppes, Jr., Thomas Y. Minniece, Paul M. Neville, Meridian, Mississippi, for Southern Television Corp."
647,Judges,"Judges: Clark, Circuit Judge. * [**2]"
647,Opinion by,Opinion by: CLARK
688,Counsel,"Counsel: Sidley & Austin, of Chicago (Thomas H. Morsch and Ronald V. Hirst, of counsel), for appellant.
Thomas J. McGrath, Ltd., of Homewood (Thomas J. McGrath and James A. Palmisano, of counsel), for appellees."
688,Judges,"Judges: Mr. JUSTICE BURKE delivered the opinion of the court.  GOLDBERG, P. J., and O'CONNOR, J., concur."
688,Opinion by,Opinion by: BURKE
699,Counsel,"Counsel: A. H. Wilcox, Esq., Charles J. Bloom, Esq., Pepper, Hamilton & Scheetz, Philadelphia, Pennsylvania, 
Philip F. Zeidman, Esq., Arthur I. Cantor, Esq., Brownstein Zeidman Schomer and Chase, New York, Washington, 
District of Columbia, Lawrence W. Hantman, Esq., Dunkin' Donuts, Inc., Randolph, Massachusetts, for Appellants. 
David Berger, Esq., Warren D. Mulloy, Esq., Bruce K. Cohen, Esq., Warren Rubin, Esq., David Berger, 
Philadelphia, Pennsylvania, Edward C. German, Esq., Joseph G. Manta, Esq., Edward R. Paul, Esq., LaBrum and 
Doak, Philadelphia, Pennsylvania, Harold Brown, Esq., Brown & Leighton, Boston, Massachusetts, for Appellees. 
W. Yale Matheson, Esquire, Chicago, Illinois, Richard M. Calkins, Esquire, Chicago, Illinois, Counsel for the 
McDonald's Operators Association, Inc., as Amicus Curiae. 
Ira M. Millstein, Esquire, Irving Scher, Esquire, Stanley A. Rothstein, Esquire, Weil, Gotshal & Manges, New York, 
New York, Lewis G. Rudnick, Esquire, Rudnick, Wolfe, Snyderman & Foreman, Chicago, Illinois, Jerry H. Opack, 
Esquire, Washington,  [**2]  District of Columbia, Counsel for International Franchise Association, as Amicus 
Curiae."
701,Judges,"Judges: Aldisert, Hunter and Garth, Circuit Judges."
701,Opinion by,Opinion by: ALDISERT
716,Judges,"Judges: Lumbard, Friendly and Mulligan, Circuit Judges."
716,Opinion by,Opinion by: MULLIGAN
731,Opinion by,Opinion by:  [*1]  McMANUS
739,Counsel,"Counsel:  [**1]  Mr. Marshall Wallace, Southfield, Michigan.
Mr. Thomas P. Meehan, Kuder, Sherman, Fox & Meehan, Washington, District of Columbia, For Plaintiff.
Mr. Stewart Kerr, Kerr, Wattles and Russell, Detroit, Michigan.
Mr. Thomas Moseley, Cadwalader, Wickersham & Taft, New York, New York, For Defendants."
739,Judges,"Judges:  Fred W. Kaess, United States District Judge."
739,Opinion by,Opinion by: KAESS
757,Counsel,"Counsel: M. Laurence Popofsky, Esq. (argued) of Heller, Ehrman, White & Mc Auliffe, San Francisco, California, 
for Appellant.
Prof. Lawrence A. Sullivan (argued), of Oakland, California, for Appellee."
757,Judges,"Judges: Chambers, Browning, Duniway, Ely, Hufstedler, Wright, Kilkenny, Choy, Goodwin, Wallace, and Sneed, 
Circuit Judges. * Kilkenny, with whom Browning, Duniway and Wright concur in whole or in part Chambers, Circuit 
Judge, concurring and dissenting. Browning, Circuit Judge dissenting. Duniway, Circuit Judge, dissenting."
757,Opinion by,Opinion by: ELY
806,Counsel,"Counsel:  [**1]  Lloyd E. Boas, St. Louis, Missouri, For Plaintiff.
Ziercher, Hocker, Tzinberg, Human & Michenfelder, Clayton, Missouri.
Mortimer A. Rosecan, St. Louis, Missouri.
Lashly, Caruthers, Thies, Rava & Hamel, Clayton, Missouri.
Bryan, Cave, McPheeters & McRoberts, St. Louis, Missouri, For Defendants."
806,Judges,Judges:  Harper
806,Opinion by,Opinion by: HARPER
813,Counsel,"Counsel:  [**1]  Richard D. Rixner, Rixner & Callen, Overland Park, Kansas, for plaintiff.
Richard H. Heilbron, Heilbron & Powell, Kansas City, Missouri, Edward M. Boyle, of Payne & Jones, Chartered, 
Olathe, Kansas, for defendants."
813,Judges,"Judges: O'Connor, District Judge."
813,Opinion by,Opinion by: O'CONNOR
824,Counsel,"Counsel:  [**1]  William J. Baxley, Atty. General, Montgomery, Alabama, George L. Beck, Deputy Atty. Gen., 
Montgomery, Alabama, Charles M. Crook, Special Asst. Atty. Gen., Montgomery, Alabama, E. C. Hornsby, Special 
Asst. Atty. Gen., Tallassee, Alabama, Robert S. Vance and James N. Brown, III, Trial Counsel, Callaway, Vance, 
Thompson & Brown, Birmingham, Alabama, Thomas W. Thagard, Jr., Trial Counsel, Smith, Bowman, Thagard, 
Crook & Culpepper, Montgomery, Alabama.
Stephen W. Terry, Jr., Baker & Daniels, 810 Fletcher Trust Bldg., Indianapolis, Indiana 46204 (also for Thomas 
Built Buses, Inc.
71 F.R.D. 183, *183; 1976 U.S. Dist. LEXIS 15473, **15473

 
Sam R. Shannon, Jr., Birmingham, Alabama, for Duncan Manufacturing & Equipment Co., Inc., Carpenter Bus 
Sales of Alabama.
Broox G. Garrett, Brooks, Garrett & Thompson, Brewton, Alabama, for Everett Equipment Co., Inc.
Steiner, Crum & Baker, Montgomery, Alabama, for Thomas Built Buses, Inc.
Robert A. Huffaker & Wm. B. Moore, Jr., Rushton, Stakely, Johnston & Garrett, Montgomery, Alabama, and Bruce 
L. Smith, Eastman, Stichter, Smith & Bergman, Toledo, Ohio, for Sheller-Globe Corp.; Superior, for Plaintiff.
Joseph C. Espy, III, Montgomery, Alabama, for Carpenter Body Works, Inc.
William I. Hill, II, Hill, Hill,  [**2]  Carter, Franco, Cole & Black, Montgomery, Alabama, and Trammell E. Vickery and 
(By letter rec. 12/22/75) Kent E. Mast, Hansell, Post, Brandon & Dorsey, Atlanta, Georgia, for Wayne Corporation.
James R. Shaw (Huie, Fernambucq, Stewart & Smith) North B'ham., Alabama, for Waits Sales & Equipment Co., 
Inc.
Albert P. Brewer, Robison, Belser, Brewer & Phelps, Montgomery, Alabama, for Phillips Supply Co.
Joel F. Dubina & D. Coleman Yarbrough, Jones, Murray, Stewart & Yarbrough, Montgomery, Alabama, and Robert 
E. Jensen, Williams & Jensen, Washington, District of Columbia, for Ward School Bus Mfg., Inc.
E. Smythe Gambrell, Edward W. Killorin, Thomas W. Rhodes, David M. Brown, Gambrell, Russell, Killorin, Wade & 
Forbes, Atlanta, Georgia, and John R. Matthews, Jr., Ball, Ball, Matthews & Lamar, Montgomery, Alabama, for Blue 
Bird Body Co., Eddins Bus Sales, Inc., Blue Bird Mid-South, Inc.
Harry T. Ice and James E. Hawes, Jr., Ile, Miller, Donadio & Ryan, Indianapolis, Indiana, also for Carpenter Body 
Works, Inc. for Defendants."
824,Judges,"Judges:  Robert E. Varner, United States District Judge."
824,Opinion by,Opinion by: VARNER
831,Counsel,"Counsel:  [**1]  John C. Snodgrass and Max Hendrix, Vinson, Elkins, Searls, Connally & Smith, Houston, Texas, 
for Plaintiffs. 
Frank Knapp and Fletcher Etheridge, Butler, Binion, Rice, Cook & Knapp, Houston, Texas, for Defendant."
831,Judges,"Judges: Carl O. Bue, Jr., District Judge."
831,Opinion by,"Opinion by: BUE, JR."
849,Counsel,"Counsel: Phillip D. Bostwick, Mark Augenblick, Jay H. Bernstein, N.W. Washington, District of Columbia, Daniel A. 
Kavanaugh, Miami, Florida, James D. Little, Miami, Florida, for Appellant. 
Bernard S. Mandler, Miami Beach, Florida (for Lum's Inc., et al), Appellee. 
William R. Glendon, Thomas C. Morrison, New York, New York, (for Ceasars World, Inc.), Appellee."
849,Judges,"Judges: Thornberry, Simpson and Morgan, Circuit Judges."
849,Opinion by,Opinion by: SIMPSON
855,Counsel,"Counsel:  [**1]  Mr. Joel H. Pullen, Tinsman & Houser, Inc., San Antonio, Texas, for Plaintiffs. 
Mr. Keith E. Kaiser, Cox, Smith, Smith, Hale & Guenther, Inc., San Antonio, Texas, Attorneys for Group Life and 
Health Ins. Co. 
Mr. Charles R. Shaddox, Groce, Locke & Hebdon, San Antonio, Texas, Attorneys for Rieger/Medi-Save 
Pharmacies, Inc. for Defendant S. 
Mr. William C. Church, Jr., Kampmann, Church & Burns, San Antonio, Texas, for Walgreen Texas Company. 
Mr. Richard B. Moore, Gresham, Davis, Gregory, Worthy & Moore, San Antonio, Texas, for The Sommers Drug 
Stores Company."
855,Judges,Judges:  Wood
855,Opinion by,Opinion by: WOOD
868,Opinion by,Opinion by:  [*1]  BOLDT
946,Counsel,"Counsel: Harold L. Howard and Quantz & Howard for Defendant, Cross-complainant and Appellant.
Evelle J. Younger, Attorney General, Warren J. Abbott and Anthony C. Joseph, Assistant Attorneys General, 
Michael I. Spiegel and William S. Clark, Deputy Attorneys General, John K. Van de Kamp, District Attorney (Los 
Angeles), Harry B. Sondheim and Jay J. Becker, Deputy District Attorneys, as Amici Curiae on behalf of Defendant, 
Cross-complainant and Appellant.
Bianchi, Hoskins & Rosenberg, Bagley, Bianchi, Hoskins & Rosenberg, Albert Bianchi and Hugh J. Cadden for 
Plaintiff, Cross-defendant and Respondent.
Moses Lasky, Malcolm T. Dungan and Brobeck, Phleger & Harrison as Amici Curiae."
946,Judges,Judges: In Bank.
946,Opinion by,Opinion by: MOSK
958,Opinion by,Opinion by:  [*1]  LARSON
966,Counsel,"Counsel:  [**1]  Matthew M. Strickler, Esq., Philadelphia, Pennsylvania, for Plaintiff. 
Edwin P. Rome, Esq., Philadelphia, Pennsylvania, (for Topps Chewing Gum). 
Norman M. Berger, Esq., Philadelphia, Pennsylvania for Defendant, (for Major League Baseball Player's Assoc."
966,Judges,"Judges: Newcomer, J."
966,Opinion by,Opinion by: NEWCOMER
978,Judges,"Judges: Swygert and Sprecher, Circuit Judges, and Warren, District Judge. 1"
978,Opinion by,Opinion by: SWYGERT
988,Counsel,"Counsel:  [**1]  Peter M. McGonigle, Gilfillan, Gilpin & Brehman, Philadelphia, Pennsylvania, for the Plaintiff. 
Stewart Dalzell, Henry W. Sawyer, III, Edward M. Posner, Drinker, Biddle & Reath, Philadelphia, Pennsylvania, for 
Defendant."
988,Judges,"Judges: Hannum, District Judge."
988,Opinion by,Opinion by: HANNUM
994,Counsel,"Counsel:  [**1]  Paul D. Tierney, Minneapolis, Minnesota, Alex Kosa, Kosa & Zilz, Hudson, Wisconsin, and John M. 
Norton, Norton, Jergens, Herbert & Cass, Stillwater, Minnesota, attorneys for plaintiff.
Eugene M. Warlich and James E. Schatz, Doherty, Rumble & Butler, St. Paul, Minnesota, attorneys for defendant 
Hartz Mountain Corporation.
Thomas C. Barth, Minneapolis, Minnesota, attorney for defendant Sabin Segal."
994,Judges,"Judges:  EDWARD J. DEVITT, Chief Judge, United States District Court."
994,Opinion by,Opinion by: DEVITT
998,Judges,"Judges:  [**1]   Williams, D.J."
998,Opinion by,Opinion by: WILLIAMS
1005,Counsel,"Counsel: Thomas Elke, Esq., (argued) of Sausalito, California, for Appellant.
Jerome F. Downs, Esq., (argued) Thornton, Taylor, & Downs, San Francisco, California, for Appellee."
1005,Judges,"Judges: Duniway and Goodwin, Circuit Judges, and Malcolm M. Lucas, * District Judge."
1005,Opinion by,Opinion by: GOODWIN
1010,Counsel,"Counsel:  [**1]  Samuel P. Lavine, Esq., Carl T. Bogus, Esq., Steinberg, Greenstein, Gorelick & Price, 
Philadelphia, Pennsylvania, for Plaintiff. 
Raymond Cullen, Jr., Esq., Morgan, Lewis & Bockius, Philadelphia, Pennsylvania for Defendant."
1010,Judges,"Judges: Newcomer, J."
1010,Opinion by,Opinion by: NEWCOMER
1020,Judges,"Judges:  [**1]   Porter, D.J."
1020,Opinion by,Opinion by: PORTER
1029,Opinion by,Opinion by:  [*1]  GRADY
1035,Counsel,"Counsel: Joseph S. Paglino, Miami, Florida, for Appellant.
Darrey A. Davis, Miami, Florida, for Appellee."
1035,Judges,"Judges: Dyer and Simpson, Circuit Judges, and Fay, District Judge."
1035,Opinion by,Opinion by: SIMPSON
1042,Counsel,"Counsel: David Bettencourt (Mattoch, Kemper & Brown) for defendant-appellant. 
Philip J. Leas (William M. Swope with him on the brief, Cades, Schutte, Fleming & Wright of counsel) for plaintiff-
appellee."
1042,Judges,"Judges: Richardson, C.J., Kobayashi, Ogata, Menor and Kidwell, JJ."
1042,Opinion by,Opinion by: KOBAYASHI
1051,Judges,"Judges: Pell and Bauer, Circuit Judges, and Whelan, District Judge. *"
1051,Opinion by,Opinion by: PELL
1068,Opinion by,Opinion by:  [*1]  RUBIN
1075,Judges,"Judges:  [**1]   Biunno, District Judge."
1075,Opinion by,Opinion by: BIUNNO
1088,Opinion by,Opinion by:  [*1]  LARSON
1110,Counsel,"Counsel:  [**1]  Alexander C. Marrack, Anthony, Hoddick, Reinwald & O'Connor for Plaintiff. 
William M. Swope, Robert A. Rowan, Cades, Schutte, Fleming & Wright Honolulu, Hawaii for Defendant."
1110,Judges,Judges: Wong
1110,Opinion by,Opinion by: WONG
1120,Judges,"Judges:  [**1]  Peckham, D.J."
1120,Opinion by,Opinion by: PECKHAM
1147,Counsel,"Counsel: For the appellants there were briefs by Robert J. Kay and Geisler & Kay of Madison, and oral argument 
by Robert J. Kay.
For the respondents there was a brief by Willard S. Stafford, Robert Horowitz and Stafford, Rosenbaum, Rieser & 
Hansen of Madison, and oral argument by Willard S. Stafford and Mr. Horowitz."
1147,Judges,"Judges: Heffernan, J.  Day, J., took no part."
1147,Opinion by,Opinion by: HEFFERNAN
1162,Judges,"Judges: McGowan, Tamm and Robb, Circuit Judges."
1162,Opinion by,Opinion by: McGOWAN
1175,Counsel,"Counsel:  [**1]  J. Kendall Few, Anderson, South Carolina, Robert M. Erwin, Jr., Greenwood, South Carolina, for 
plaintiff.
L. G. Funderburk, Funderburk & Derrick, P. A., L. Henry McKellar, Columbia, South Carolina, for defendant."
1175,Judges,"Judges: Hemphill, District Judge."
1175,Opinion by,Opinion by: HEMPHILL
1190,Counsel,"Counsel: Burton I. Weinstein argued the cause for petitioner.  With him on the briefs were Robert A. Holstein, 
Michael L. Sklar, and David L. Nelson. 
George D. Reycraft argued the cause for respondent.  With him on the brief were Donald I. Baker, Leon S. Cohan, 
and Dean J. Landau. 
Solicitor General Bork argued the cause for the United [****4]  States as amicus curiae urging reversal.  With him 
on the brief were Assistant Attorney General Kauper, Barry Grossman, and Carl D. Lawson. 
Howard J. Trienens argued the cause for Michigan Bell Telephone Co. et al. as amici curiae urging affirmance.  
With him on the brief were Theodore N. Miller and C. John Buresh. *"
1191,Judges,"Judges: Burger, Brennan, Stewart, White, Marshall, Blackmun, Powell, Rehnquist, Stevens."
1191,Opinion by,Opinion by: STEVENS
1222,Counsel,"Counsel: Abe Fortas, Esq., Fortas & Koven, N.W., Washington, District of Columbia. 
Ian D. Volner Esq., Cohen and Marks, N.W., Washington, District of Columbia. 
J. Tomlinson Fort, Esq., James H. Hardie, Esq., Eric F. Stoer, Esq., Reed Smith Shaw & McClay, Pittsburgh, 
Pennsylvania for Appellant. 
Thomas E. Kauper, Assistant Attorney General, Robert B. Nicholson, Robert J. Wiggers, Attorneys Department of 
Justice, Washington, District of Columbia. 
Joseph J. Gercke, Assistant Director, Bureau of Competition, Wayne E. Kaplan, Ronald Baylor Rowe, William L. 
Haynes, Attorneys, Federal Trade Commission, Washington, District of Columbia, for Appellee."
1222,Judges,"Judges: Aldisert, Gibbons and Garth, Circuit Judges."
1222,Opinion by,Opinion by: ALDISERT
1235,Counsel,"Counsel: Otto E. Simon, Mobile, Alabama, (for Seafarers, et al), Howard Schulman, New York, New York (for 
Seafarers, et al), David Jaffe, New York, New York (for Seafarers, et al), Lionel L. Layden, Mobile, Alabama, (for 
Nat'l. Marine Engineers), Richard H. Markowitz, New York, New York (for Natl. Marine Engineers) For Appellant. 
J. Cecil Gardner, Mobile, Alabama, (for Intl. Org. of Masters et al), Alex F. Landford, III, Mobile, Alabama, (for 
Tugboat Inc., et al), W. Ramsey McKinney, Jr., Mobile, Alabama, (for Tugboat Inc., et al), Marvin Schwartz, New 
York, New York (for Int'l Organization of Masters, et al), Seymour Waldman, New York, New York (for Int'l 
Organization of Masters, et al), Sam W. Pipes, III, Mobile, Alabama, (for Ryan-Walsh Stevedoring), Cooper C. 
Thurber, Mobile, Alabama, (for Ryan-Walsh Stevedoring), For Appellee."
1235,Judges,"Judges: Ainsworth, Morgan and Roney, Circuit Judges."
1235,Opinion by,Opinion by: MORGAN
1242,Judges,"Judges:  [**1]  Brotman, D.J."
1242,Opinion by,Opinion by: BROTMAN
1256,Counsel,"Counsel: George H. Kolb, Dallas, Texas (for Ward Foods, Inc., et al). 
Joe B. Harrison Dallas, Texas (for Ward Foods, Inc., et al). 
Jack Hebdon, San Antonio, Texas (for Bill G. Martin, et al). 
Charles L. Stephens, Ft. Worth, Texas (for Bill G. Martin). 
Seagal Wheatley, San Antonio, Texas (Ward Foods Etal) for Appellant. 
Ralph G. Langley San Antonio, Texas. 
William T. Armstrong, III, San Antonio, Texas for Appellee."
1256,Judges,"Judges: Gewin, Coleman and Dyer, Circuit Judges."
1256,Opinion by,Opinion by: COLEMAN
1275,Counsel,"Counsel:  [**1]  Henry R. Lord, Deputy Atty. Gen., Thomas M. Wilson, III, and Charles O. Monk, II, Asst. Attys. 
Gen., Baltimore, Md., for plaintiff. Thomas D. Washburn, Ober, Grimes & Shriver, Baltimore, Md., and Marshall Cox, 
Cahill, Gordon & Reindel, Washington, D. C., for defendant."
1275,Opinion by,Opinion by: BLAIR
1287,Counsel,"Counsel:  [**1]  Jeffrey A. Silver, Omaha, Nebraska, for Plaintiff. 
Robert D. Mullin, Jr., Omaha, Nebraska, for Defendant."
1287,Judges,"Judges: Denney District Judge.  
418 F. Supp. 157, *157; 1976 U.S. Dist. LEXIS 13786, **13786"
1287,Opinion by,Opinion by: DENNEY
1293,Counsel,"Counsel: Charles F. Robinson and J. Bruce Harper of Robinson, Macpherson, Johnson & Harper, Clearwater, for 
Appellants. 
Emil C. Marquardt, Jr. and James A. Martin, Jr. of McMullen, Everett, Logan, Marquardt & Cline, Clearwater, for 
Appellees."
1293,Judges,"Judges: Boardman, J.  McNulty, C.J., and Grimes, J., concur."
1293,Opinion by,Opinion by: BOARDMAN
1300,Counsel,"Counsel:  [**1]  Abraham A. Diamond, Ltd., Irwin D. Rozner, Chicago, Ill., for plaintiff. M. Robert Sturman, Sturman, 
Sang & Carney, Chicago, Ill., for all defendants. Russell S. Bernhard, Macleay, Lynch, Bernhard & Gregg, 
Washington, D. C., for Air Cargo, Inc. Anthony R. Michel, Cleveland, Ohio, for Chicago Haulage, Inc."
1300,Opinion by,Opinion by: MARSHALL
1311,Counsel,"Counsel:  [*1]  James C. Winters, Crain, Winters, Deaton, James & Briggs, Houston, Texas, for plaintiff.  
John L. McConn, Jr., Butler, Binion, Rice, Cook & Knapp, Houston, Texas, for defendants Dawson Chemical Co., 
Inc., Crystal Manufacturing Corp. and Crystal Chemical Co., Inc.  
B. R. Pravel, Pravel and Wilson, Houston, Texas, for defendant Helena Chemical Co."
1311,Opinion by,Opinion by: BUE
1322,Judges,"Judges:  [**1]  Lacey, D. J.  
418 F. Supp. 1024, *1024; 1976 U.S. Dist. LEXIS 13520, **13520"
1322,Opinion by,Opinion by: LACEY
1334,Opinion by,Opinion by:  [*1]  WELLFORD
1350,Judges,"Judges:  [**1]  Wright, McGowan and Tamm, Circuit Judges."
1350,Opinion by,Opinion by: TAMM
1369,Counsel,"Counsel: I. Daniel Stewart (Donald B. Holbrook, Ronald J. Ockey, and Michael R. Murphy of Jones, Waldo, 
Holbrook & McDonough, on the brief), for Plaintiffs and Appellees.
Harold G. Christensen (Lowell N. Hawkes and Craig S. Cook of Worsley, Snow & Christensen and Jonathan M. 
Berge, on the brief), for Defendant and Appellant."
1369,Judges,"Judges: Lewis, Chief Judge, Breitenstein, and McWilliams, Circuit Judges."
1369,Opinion by,"Opinion by: McWILLIAMS 
541 F.2d 242, *242; 1976 U.S. App. LEXIS 7330, **1"
